train_loss,test_loss,train_score,test_score
2.0333745634690854,1.7832511049172695,0.5859041844349681,0.7286
1.5983351999294568,1.409489857806778,0.7571295309168443,0.7931
1.287598311768372,1.1502104902767667,0.8014225746268657,0.8275
1.0731576951336033,0.9734414065923286,0.8267590618336887,0.8426
0.9257192272226081,0.8469354258351548,0.8401186034115139,0.8538
0.8201717866712582,0.7566810557033449,0.8492304104477612,0.8641
0.7399785149385842,0.6892640187841409,0.8583422174840085,0.8733
0.6790046890848411,0.6345918782510822,0.8639225746268657,0.8783
0.6309966001567051,0.590523772803835,0.8703191631130064,0.8805
0.5908387453548238,0.5572212649399059,0.8743336886993603,0.8861
0.5581179471671467,0.5236273430647067,0.8780650319829424,0.8923
0.52776326446538,0.5017277888593694,0.8837953091684435,0.8936
0.5046587970647675,0.47550189560784983,0.8853611407249466,0.8939
0.4823166685492781,0.45366713422713817,0.8884095149253731,0.8995
0.464110501924001,0.43691245046120114,0.8912746535181236,0.9011
0.4469396780333579,0.42290192271273536,0.8943230277185501,0.9025
0.4334528916652907,0.4087289570842442,0.8961886993603412,0.9062
0.4172391384111292,0.3973422599635277,0.8996535181236673,0.906
0.4070702044441392,0.38625031585036074,0.900319829424307,0.9077
0.3950260328255497,0.372581631547011,0.9035680970149254,0.9084
0.38375992394716774,0.3633988650264877,0.9055836886993603,0.9127
0.375184550933258,0.35708965534123127,0.9062166844349681,0.9115
0.36627012965330896,0.34768072564881847,0.908148987206823,0.9153
0.3582112324387578,0.3386026018361591,0.9094649520255863,0.917
0.3504755590056519,0.3345706290354249,0.9107809168443497,0.9173
0.3446868836999975,0.3254172701533643,0.9116637793176973,0.9204
0.3365426104258967,0.3188109489854691,0.9131296641791045,0.9204
0.3305019503863301,0.3151712191356191,0.9135294509594882,0.92
0.3239832550475299,0.3107101684801439,0.9162113539445629,0.919
0.31875326036356283,0.3046353615776416,0.9173107675906184,0.9225
0.31370640996499927,0.29430778470992147,0.9184768123667377,0.9255
0.30653085563261456,0.2933423729609837,0.9197594616204691,0.9239
0.30308817194749893,0.2883083915062725,0.9202591950959488,0.9256
0.2979293280673502,0.2882736090315457,0.9210920842217484,0.9256
0.2944411904507997,0.2797825162782444,0.9214418976545842,0.9291
0.2897057351190921,0.2768253414802034,0.9233908582089553,0.9265
0.28451397771838083,0.27321402276999,0.9244902718550106,0.9277
0.2817192973771927,0.26959495187660193,0.9252565298507462,0.9331
0.27904904736912095,0.26409319289675587,0.9251232675906184,0.9304
0.2737998610673471,0.26379482617993977,0.9262226812366737,0.9305
0.2712769631030118,0.2592296258374401,0.9265058635394456,0.9333
0.26656236611503087,0.25549564458391055,0.9283215618336887,0.9338
0.2628674944786607,0.2527893567247542,0.9295042643923241,0.934
0.2594908761076496,0.2503991048067192,0.9296541844349681,0.9334
0.2587621162091876,0.246201354133917,0.9292710554371002,0.9364
0.2539187671790338,0.24544885353675078,0.9305703624733476,0.9353
0.25139359109846143,0.24273439798363075,0.9319529584221748,0.9361
0.2496623324150372,0.23764471850701407,0.9312866471215352,0.939
0.2451815919228793,0.23681921289528177,0.9331356609808102,0.9358
0.2430149653037085,0.23772560653510427,0.9344516257995735,0.9369
0.2428021897685925,0.23471397411878198,0.9338852611940298,0.938
0.24089316769492672,0.2304826803005863,0.9336853678038379,0.9388
0.2378130300098555,0.23283449373432313,0.9348680703624733,0.9374
0.23352330425185394,0.22715572166267456,0.935650986140725,0.9405
0.23214214628301247,0.22622968047158024,0.9366837686567164,0.9382
0.2303197426182221,0.22586589846694455,0.9373167643923241,0.9391
0.22692728518477434,0.22149925098327317,0.9378331556503199,0.9388
0.2252441464160455,0.22175420363310022,0.9385494402985075,0.9408
0.22259298295840083,0.2166858580363535,0.9378498134328358,0.9409
0.2226689033175434,0.2150200360075599,0.9385827558635395,0.9415
0.21983664015716178,0.2152204099932944,0.9389992004264393,0.943
0.21799102320537797,0.21301287319713547,0.9398320895522388,0.9417
0.21657771369699477,0.21335260663530986,0.9409148454157783,0.941
0.21328429836454832,0.20797365743717022,0.9408648720682303,0.9422
0.21290694353533116,0.20990285417589444,0.9410147921108742,0.944
0.21183703254946634,0.2046172554118314,0.9414978678038379,0.9436
0.2093888038323408,0.20858784281532217,0.9412646588486141,0.9409
0.20789992039356542,0.20424011154491806,0.9417310767590619,0.9442
0.2062406132699031,0.20033603832950525,0.9427138859275054,0.9447
0.20444114592563364,0.20041032288466068,0.9430803571428571,0.944
0.2024708958151919,0.2015548240952961,0.9437300106609808,0.9447
0.20159084578083075,0.19624822998352487,0.9432802505330491,0.9462
0.1993353209797229,0.19459850529538222,0.9434468283582089,0.9466
0.19716131297329476,0.19506696500693846,0.9449293710021321,0.9474
0.19764632164582416,0.1951083032461422,0.945429104477612,0.947
0.1952468436363751,0.19304018059287442,0.9450126599147122,0.9463
0.19477445522391743,0.19190488604148923,0.9450293176972282,0.9468
0.19343726912491596,0.1939976097641718,0.9458455490405118,0.9462
0.19229718158185113,0.18956609478265846,0.9456956289978679,0.9502
0.1914269005326208,0.18563548452375234,0.9461453891257996,0.948
0.1891079488173856,0.18823247066960064,0.9466784381663113,0.9489
0.18777754144479783,0.1875317874964393,0.9476945628997868,0.9481
0.18596967425399202,0.18680351741490436,0.9477278784648188,0.9463
0.1862589584744141,0.18540713661033958,0.947278118336887,0.946
0.1863063683831975,0.18336144983960256,0.9479444296375267,0.9493
0.184072748232961,0.18182211041000818,0.9483608742004265,0.9495
0.18237209383447087,0.18082468212191,0.9489438965884861,0.9499
0.18091226028321267,0.17838241289998885,0.9489605543710021,0.9503
0.17944339883347518,0.179603255674479,0.9496268656716418,0.9491
0.17798950551427928,0.17573159904760396,0.9497268123667377,0.95
0.17807183000926477,0.17557090975131506,0.9494936034115139,0.953
0.17686219692221686,0.17768278029767873,0.9501265991471215,0.9492
0.17458276797417288,0.1774536870462338,0.9510261194029851,0.9507
0.17504610451142674,0.1757907891529567,0.9501599147121536,0.9493
0.17446654715273377,0.1746910421564329,0.9502432036247335,0.95
0.1725702756034698,0.17743361204344085,0.951242670575693,0.9519
0.17175211197640525,0.1740317635453569,0.950992803837953,0.9529
0.1727779759227914,0.1724698989146402,0.9514259061833689,0.9517
0.17065829277737352,0.17478852066162331,0.9513759328358209,0.9526
0.16933647351892614,0.17192149714004767,0.9519922707889126,0.9519
0.16796647900118855,0.17520935520438766,0.9520422441364605,0.9509
0.16612402090788203,0.16883461982817,0.9524253731343284,0.9502
0.16645582028060432,0.16797076847593195,0.9524753464818764,0.9542
0.16534894429444938,0.16571671949897748,0.9537913113006397,0.9519
0.16569415370804494,0.1710858624768885,0.9528085021321961,0.9481
0.16452828853166016,0.16776821878230286,0.9526585820895522,0.9539
0.16285711461063476,0.16443858081030394,0.953125,0.9526
0.1622227028204661,0.1632578846159302,0.9534581556503199,0.9534
0.16265737920282908,0.1671570841781036,0.9534081823027718,0.9524
0.15951709352957527,0.16604687502814494,0.9553404850746269,0.9541
0.16021077579277254,0.16571914263533158,0.9540245202558635,0.952
0.15869094706349898,0.15966668690611785,0.9547741204690832,0.9553
0.15894687422775064,0.16366544767120778,0.9544076492537313,0.9532
0.1575702516656928,0.16593077804868953,0.9552072228144989,0.9537
0.15853128580631878,0.16272446154617334,0.9546741737739872,0.9538
0.15589839729285185,0.16316558755220578,0.9558735341151386,0.9542
0.15573184375397991,0.156353704352139,0.9551572494669509,0.9563
0.15374189816799966,0.1581427075127893,0.9557902452025586,0.9544
0.15375379250461518,0.1610635328102204,0.9560734275053305,0.9533
0.1528505797242661,0.1613475756655959,0.9557902452025586,0.9536
0.15068853972432283,0.16165245769402214,0.956922974413646,0.9542
0.15094041005852996,0.153888459728931,0.957039578891258,0.9557
0.15061702875345556,0.15419507468395927,0.9573227611940298,0.9564
0.15023553888633934,0.15526536768612062,0.95698960554371,0.9558
0.1493111111220222,0.1571323110537185,0.957089552238806,0.9555
0.14859318493970575,0.15489546615422808,0.9574726812366737,0.9535
0.14815653551519622,0.15924966829206097,0.9579890724946695,0.9552
0.14768168364616313,0.15366960035068838,0.9580890191897654,0.9566
0.14606402690667844,0.15321333827048675,0.9581056769722814,0.9569
0.14546270442803408,0.15319561888498096,0.9585554371002132,0.9553
0.14455903223083255,0.15428036637184017,0.9588552771855011,0.9568
0.14356669288837537,0.14958371423067443,0.9587553304904051,0.9557
0.14487240936080095,0.15729397872795683,0.9589552238805971,0.9534
0.14367509624966285,0.1507363582147727,0.9577558635394456,0.956
0.1435966147676206,0.1480725112731851,0.9587220149253731,0.9569
0.14225491749680946,0.151439853571096,0.9597881130063965,0.9579
0.14239203318859772,0.15105098148328075,0.9594716151385928,0.9567
0.141917843411629,0.15050332762781674,0.959155117270789,0.9564
0.1407465732549613,0.148414423402239,0.9597547974413646,0.9574
0.14054006245677497,0.14872641125293604,0.9607209488272921,0.9576
0.13890234683964248,0.15225240331185055,0.9600546375266524,0.9558
0.13864401257768175,0.15110382103222156,0.9610374466950959,0.9571
0.13829617529294239,0.14848269261692332,0.960920842217484,0.9555
0.1402754757390415,0.14596544667618686,0.959055170575693,0.9596
0.13697741894171453,0.14712713797942376,0.9611040778251599,0.9596
0.1362413881348257,0.14440753836564374,0.9606709754797441,0.9569
0.13549962115244854,0.1440902499226002,0.9616871002132196,0.9587
0.13552604888500733,0.1475440485973368,0.9612706556503199,0.9553
0.13412205999513285,0.1450724304393205,0.9620702292110874,0.9562
0.13401228385655595,0.141163626328421,0.9606543176972282,0.96
0.13317996352534947,0.14480752309104164,0.9615538379530917,0.9584
0.13437543858047596,0.14616430812815387,0.9614372334754797,0.957
0.1326552571334853,0.14137093377475138,0.9619536247334755,0.9591
0.13152901212123674,0.14191035099327842,0.9623034381663113,0.9585
0.13118841887221713,0.1444976933591043,0.9630363805970149,0.9589
0.13090559175314667,0.1391244311495249,0.9623534115138592,0.9591
0.13107767285338245,0.14310377239382172,0.9613372867803838,0.9595
0.13094884300931084,0.1361811290447879,0.9623867270788913,0.961
0.1306461660161636,0.13976560164260904,0.9625199893390192,0.961
0.12949360291332415,0.1429070575996632,0.962836487206823,0.9587
0.1280914249616643,0.14163668577746596,0.9625366471215352,0.9595
0.12945206378466442,0.14301952637562962,0.9634361673773987,0.9589
0.1285428763651533,0.14363009212073574,0.962903118336887,0.9575
0.12741728685986425,0.1402005512798082,0.9634361673773987,0.9598
0.12705336948531862,0.13895898533748172,0.9644189765458422,0.9603
0.12662198338526254,0.14134897650794098,0.9636860341151386,0.9578
0.1263253061594401,0.1422905582708957,0.9634528251599147,0.9574
0.12689685341380205,0.13675603040728534,0.9641191364605544,0.9603
0.12447251005875246,0.13997279565475082,0.9641357942430704,0.9582
0.1250985348704838,0.13811059798542516,0.9638359541577826,0.9602
0.12294002834907423,0.13890407403846522,0.9645355810234542,0.9605
0.12386957020295872,0.1345764372099727,0.9644522921108742,0.9617
0.12187477165037483,0.13589651864647154,0.9651186034115139,0.9606
0.12302480625481549,0.13791553963635816,0.9646188699360341,0.9605
0.12163673577040914,0.13467309883769868,0.9644856076759062,0.9602
0.12120310314376584,0.13746815098182238,0.964852078891258,0.9592
0.12084764919333524,0.13432754592767712,0.9646521855010661,0.9612
0.12017783787842805,0.1337306325417186,0.9660181236673774,0.9609
0.12011733221209019,0.13624772198978155,0.9653018390191898,0.96
0.12111939726798894,0.13677159807289496,0.9649853411513859,0.9591
0.12119739122282744,0.13597427304591955,0.9652018923240938,0.9604
0.11956790772483522,0.132068856850788,0.9656516524520256,0.9614
0.11918445617177957,0.1358373291790384,0.9663679371002132,0.9591
0.11890418851990243,0.13404013560266742,0.9655350479744137,0.9599
0.11681956248219647,0.13217024054965126,0.9663346215351812,0.9618
0.11822288683925021,0.13559602241119734,0.9662513326226013,0.9609
0.11682147754189054,0.1354769687731282,0.9665844882729211,0.9605
0.11570628176903235,0.13087372961585,0.9669509594882729,0.9619
0.11708540108415777,0.12976652556130552,0.9656683102345416,0.9611
0.11520205718802438,0.13096862918595695,0.9663179637526652,0.9609
0.11512334498827143,0.12651939924770142,0.9669343017057569,0.9626
0.11475225847493724,0.13025906501201961,0.9664512260127932,0.9616
0.11481040856730997,0.1311066477282701,0.966801039445629,0.9611
0.11352564134693129,0.1302443961630364,0.9678504797441365,0.9619
0.1140849131761205,0.12876899756153726,0.9673507462686567,0.9622
0.11406660557146094,0.12854995291275118,0.9672674573560768,0.9625
0.11306237698793296,0.1285086738483555,0.9673174307036247,0.9638
0.11273287155454276,0.12939289412199403,0.9680003997867804,0.9614
0.11183159358447795,0.13454207564927817,0.9681503198294243,0.9598
0.11268046947496509,0.12873348541032031,0.9679504264392325,0.9626
0.11074390733407635,0.12949888124810754,0.9678338219616205,0.9614
0.11067370129287331,0.12777728023635154,0.9679837420042644,0.9624
0.11206180375104753,0.1286141023490357,0.9681669776119403,0.9612
0.1097544745881545,0.12525393599362852,0.968700026652452,0.9639
0.11060995868269079,0.12802263400641442,0.9681336620469083,0.9634
0.11098999850831419,0.13167088656555112,0.9676006130063965,0.9624
0.10885890679391914,0.1260591425285369,0.9685501066098081,0.9634
0.10934981460323775,0.1258672420556889,0.9688332889125799,0.9631
0.11008241181121534,0.12516711342568945,0.9680337153518124,0.9628
0.10730523494336688,0.12842821967317028,0.9686667110874201,0.9623
0.10997304018602444,0.1261322285094123,0.9681170042643923,0.9639
0.10721747792390257,0.13339385041045565,0.9695995469083155,0.9602
0.10708701991346505,0.12427447680071482,0.9693330223880597,0.9632
0.10635562003067961,0.1277487396873299,0.9696661780383795,0.9635
0.1075598189253713,0.12628463619643787,0.968683368869936,0.9635
0.10745464685808383,0.12218681723819984,0.9691997601279317,0.9648
0.10576310817860392,0.12850113494386498,0.9696495202558635,0.9615
0.10528233712193653,0.12287128952867084,0.9699160447761194,0.9627
0.10526072474472149,0.126344464887349,0.9694496268656716,0.9631
0.10581720883717333,0.1233278826826958,0.9692330756929638,0.9638
0.10669776387362497,0.12442019360697502,0.9691497867803838,0.9631
0.1049890307719021,0.12072298907217326,0.9699660181236673,0.965
0.10353093112525708,0.12110147040820357,0.9702492004264393,0.9636
0.10282766187118234,0.12389531141657928,0.9698327558635395,0.9644
0.10343664354396033,0.1247239871652039,0.9699826759061834,0.9622
0.10351313506566136,0.12019851267447791,0.9701159381663113,0.9649
0.10222829607225223,0.12205664930645002,0.970748933901919,0.9645
0.1034437675253699,0.12716322454281653,0.9697328091684435,0.964
0.10237409837638133,0.12383198083319458,0.9703158315565032,0.9633
0.10333526602915846,0.11981245472253135,0.9700826226012793,0.9638
0.102416253438699,0.12089291917889121,0.9697827825159915,0.9636
0.10233925242020749,0.12064758834822908,0.9700659648187633,0.9638
0.10258802729512889,0.1230439209668417,0.9698660714285714,0.9627
0.1021737890929783,0.12149330276237051,0.9699826759061834,0.9643
0.09964770152243016,0.12199839528922485,0.9712986407249466,0.9636
0.10086171137495308,0.11961916749252904,0.9701159381663113,0.9646
0.09998903880904601,0.1213545720185606,0.9711986940298507,0.9628
0.0980324803019183,0.12169235533693677,0.9717484008528785,0.9638
0.10004184425291568,0.11930468801827844,0.9709988006396588,0.9658
0.09993130183195324,0.12186497969878403,0.9712986407249466,0.9625
0.09978774734402789,0.12142907690728891,0.970715618336887,0.9651
0.09763402904519476,0.12345329759685245,0.9717650586353944,0.9634
0.09813412649920326,0.12106074090833659,0.9710654317697228,0.9636
0.09817401697362717,0.12388229801757777,0.9710487739872068,0.9626
0.09832076710236123,0.11598334352178463,0.9714152452025586,0.9657
0.09758406588956503,0.12118137775133228,0.9716317963752665,0.9645
0.0987776517290131,0.12043921027336417,0.9713319562899787,0.9648
0.0960481783400809,0.12055516419055029,0.972597947761194,0.9648
0.09666027950580963,0.12434857164143837,0.9717650586353944,0.9639
0.09547222922916523,0.11969910864145807,0.9721815031982942,0.965
0.09600530487147489,0.12434098137854942,0.9716151385927505,0.9624
0.09577873072803235,0.12219440410255877,0.9721481876332623,0.9662
0.09642759739450366,0.11952308843685516,0.9721481876332623,0.9653
0.0947536179948195,0.11877863286184584,0.9723647388059702,0.9638
0.09448176173438733,0.11857032809757859,0.9730810234541578,0.9651
0.09475645580236704,0.11676114191045912,0.9724313699360341,0.9647
0.09532733464638511,0.11889636455677932,0.9721481876332623,0.9646
0.09458880656746131,0.11915455720579662,0.9729644189765458,0.9643
0.09358647721558899,0.11413414243541356,0.972597947761194,0.9661
0.09246191060245905,0.1126523678288516,0.9733808635394456,0.9667
0.09170336838454703,0.11529692291047668,0.9738472814498934,0.9655
0.09404618323188599,0.11849184596038072,0.972764525586354,0.964
0.09269640171078256,0.11329886765414492,0.97278118336887,0.9655
0.09114268578692501,0.11767475216037823,0.9736307302771855,0.9647
0.09274811967699549,0.11551832815464136,0.9729977345415778,0.9657
0.09099248455758989,0.11990982977820001,0.9741637793176973,0.9637
0.09224542490252155,0.11352513681440571,0.9724646855010661,0.9656
0.09115591885654878,0.1140019425155242,0.9735807569296375,0.9654
0.09144565074716596,0.11595828607428026,0.9738472814498934,0.9651
0.09230974553773375,0.11192897163182519,0.9729477611940298,0.9673
0.09142722942371768,0.11321956784742206,0.9732975746268657,0.9666
0.09079673080641291,0.12020085301167802,0.9735474413646056,0.9649
0.08988616381770313,0.11641562100571302,0.9744136460554371,0.9651
0.0895233863652166,0.11435695818878883,0.9735474413646056,0.966
0.0894003300843649,0.1139859528663366,0.9731643123667377,0.9682
0.09044353662674817,0.11843004601662128,0.9738139658848614,0.9637
0.08910127448608501,0.11337719090762052,0.9745802238805971,0.9674
0.08846667301138336,0.11219487636968883,0.9743969882729211,0.9647
0.08800039074469397,0.11916791800660126,0.9751132729211087,0.963
0.08940972865904687,0.11532263043652353,0.9738805970149254,0.9667
0.08799767378252334,0.11022247341550881,0.974646855010661,0.9666
0.0880809603427093,0.1138335592982661,0.9741138059701493,0.9659
0.08758344159626227,0.11689364606126558,0.974730143923241,0.9653
0.08680134434731875,0.11453487455204117,0.974730143923241,0.9674
0.08689042799495848,0.11386809923456108,0.9741804371002132,0.9664
0.08686887807944724,0.11484779861891636,0.974680170575693,0.9668
0.08648453909039419,0.11457363144314381,0.974546908315565,0.966
0.08557206511734536,0.11293095647091332,0.9753797974413646,0.9663
0.08607713056831971,0.11778913165442338,0.974663512793177,0.9643
0.08731436141943964,0.11293879699851465,0.9743470149253731,0.9663
0.08754762146576174,0.10961669920980724,0.9740638326226013,0.9675
0.08554586026558275,0.11053687950023813,0.9751132729211087,0.9682
0.08567520219375692,0.11208306144825435,0.974780117270789,0.9676
0.08515157489648494,0.11381182075825245,0.9755796908315565,0.9666
0.08371682947765148,0.11158555461587391,0.9754131130063965,0.9675
0.08605179043657503,0.11346104212939226,0.9754464285714286,0.9646
0.0845230291389519,0.10959576365372163,0.9750632995735607,0.9682
0.08421235443005425,0.11254102874422897,0.9751965618336887,0.9673
0.08416298563305179,0.11351234413349552,0.9751132729211087,0.9682
0.0823527152813543,0.11607260743697438,0.9755963486140725,0.9651
0.08457725935293453,0.11373261828309217,0.9754297707889126,0.9663
0.08345470633930524,0.11162012931174797,0.9751965618336887,0.9683
0.08321643456868993,0.1134019262763639,0.9755630330490405,0.9663
0.08156080916353574,0.11278950710092234,0.9763626066098081,0.9647
0.08251989230689323,0.11827340153675213,0.9760627665245203,0.9653
0.08252960850171492,0.11445269646809547,0.9758628731343284,0.9667
0.08053886765526816,0.11097375913609614,0.9763792643923241,0.9664
0.08233355826673425,0.11457521811730569,0.9757795842217484,0.9662
0.08315431573160198,0.11248525197230556,0.9762793176972282,0.9663
0.08241992112199883,0.11200259427535254,0.9757296108742004,0.9663
0.08259041255888416,0.11230042138849367,0.9754131130063965,0.9671
0.0813307198186344,0.10738734669654108,0.976495868869936,0.969
0.08099162683166657,0.10711789357826523,0.9769289712153518,0.9675
0.08071906171624416,0.11220352762410649,0.976495868869936,0.9665
0.07978867456145147,0.11082780008392497,0.9768123667377399,0.9666
0.0805693531406827,0.11198766422817495,0.9762126865671642,0.9674
0.07988480341675404,0.10986813741582598,0.9763292910447762,0.9674
0.07884149521642989,0.11181964352254734,0.9772288113006397,0.9662
0.08015531262586947,0.10926600927731488,0.9765291844349681,0.9682
0.08012184353209886,0.10848082067562409,0.9768123667377399,0.9685
0.08196209139396893,0.10871369012269111,0.9762460021321961,0.9668
0.07813842007295735,0.10640534947154061,0.9769622867803838,0.9668
0.07875566510644241,0.10895765608947527,0.9769289712153518,0.9682
0.07939064956327443,0.10864823993184727,0.976579157782516,0.9676
0.07957629938257939,0.10937608270528724,0.9766957622601279,0.9656
0.0785687784585846,0.11143655606834368,0.9773121002132196,0.9681
0.07811570612142947,0.10745995460117592,0.9771621801705757,0.9696
0.079310087259155,0.10914110255839436,0.9764625533049041,0.9684
0.07881165308821181,0.11251685212336074,0.9771621801705757,0.9669
0.07801703232941586,0.10606508412697017,0.9772454690831557,0.9675
0.07838471062199218,0.10403203684466439,0.9774453624733476,0.9673
0.0779522379094997,0.1085572634740559,0.9773121002132196,0.9685
0.07632898152432617,0.10803137166119539,0.9778118336886994,0.9674
0.07625880474127347,0.10478309790647879,0.9774786780383795,0.9669
0.07662605799534931,0.1084027168082105,0.9777618603411514,0.9669
0.07733416553572309,0.10458175546957457,0.9773620735607675,0.9693
0.07643741840877323,0.10694841401219446,0.9775619669509595,0.9682
0.07811394421995044,0.10741826800922447,0.9766957622601279,0.9687
0.0751338455816153,0.10688620247444962,0.978528118336887,0.9683
0.0770919710938786,0.10942286603249458,0.9772288113006397,0.9671
0.07604971445157332,0.10711918132368782,0.9780283848614072,0.9673
0.07599628519209908,0.10668530713365801,0.9780950159914712,0.9671
0.0748882825983661,0.10804377640483877,0.978461487206823,0.9674
0.07456381378848145,0.10507008607513581,0.9786780383795309,0.9674
0.07516307751670775,0.10400973863302697,0.9777951759061834,0.9683
0.07501531556992672,0.10223059240952657,0.9776952292110874,0.9683
0.07380316495079525,0.10376524161160441,0.9781116737739872,0.9692
0.07495265937545569,0.10482517958544481,0.978444829424307,0.9672
0.07357872204952363,0.10833825395665453,0.978394856076759,0.9675
0.07330329767100853,0.10927452417484326,0.978344882729211,0.9699
0.07572096815370148,0.10954646106145928,0.9773454157782516,0.9671
0.07265346474734152,0.10860375803793497,0.9790778251599147,0.9685
0.07260205372485644,0.10636204455405952,0.978528118336887,0.9666
0.07258656243261895,0.10571972983065273,0.9788446162046909,0.9681
0.07279297047342144,0.1028225139092933,0.9787446695095949,0.9688
0.07257099270976586,0.09790979155815757,0.9787779850746269,0.9711
0.07276790931244695,0.1060598849899519,0.9788612739872068,0.9676
0.07219766104203047,0.10979411938909672,0.9790278518123667,0.9681
0.0722244907443164,0.10348043565976811,0.978694696162047,0.971
0.07308269702700636,0.10443198873188866,0.9788612739872068,0.9699
0.07154664577900327,0.10617779936215349,0.9789445628997868,0.9676
0.071715681244234,0.1061599625683554,0.978561433901919,0.969
0.07182204677856383,0.104616730169029,0.9789279051172708,0.9686
0.07165083425447301,0.10179447109358447,0.9795109275053305,0.9691
0.07086537882409749,0.10924070370474519,0.978478144989339,0.9684
0.07093843646476032,0.10541892360854088,0.9794109808102346,0.9674
0.07080998698156246,0.10285437986894733,0.978694696162047,0.9691
0.07341711341569207,0.10137725413582618,0.978561433901919,0.9686
0.07142527514939435,0.10622206675441768,0.9786613805970149,0.9672
0.06975312309721525,0.10473828175800064,0.978628065031983,0.969
0.0702775801555673,0.10525850613274033,0.9789112473347548,0.9685
0.07058586197564369,0.11188031470244984,0.9788279584221748,0.9681
0.07111304205536109,0.10627822923253141,0.9790111940298507,0.9677
0.07052113557375038,0.10175482825984221,0.978444829424307,0.9698
0.07108963601006875,0.10331761657993135,0.9790445095948828,0.9683
0.07015199747728938,0.10563215293989182,0.9790611673773987,0.9684
0.06846102462976511,0.10236201852200032,0.9799940031982942,0.9701
0.0689658244111757,0.10782798712758786,0.9794776119402985,0.9686
0.06861830873625444,0.10694335124050248,0.9800606343283582,0.9679
0.06798993908898038,0.10525473131928417,0.9799107142857143,0.9675
0.06870475203779569,0.10805277090307645,0.9793776652452025,0.9683
0.06865591406409989,0.09738599302557206,0.9796608475479744,0.9699
0.06722567007867879,0.10015309658866497,0.98059368336887,0.9715
0.06685255213458279,0.09922286379915543,0.9802605277185501,0.9709
0.06799374312976433,0.10018814151013058,0.9795275852878464,0.9688
0.06771122425066425,0.10299564039667908,0.9796441897654584,0.9687
0.06737281619592903,0.1058046730560221,0.9794609541577826,0.9681
0.06819171772021092,0.09900571507656258,0.9797441364605544,0.9704
0.06837074415757648,0.10368713562697238,0.9791944296375267,0.9686
0.0677965084851934,0.10727390667036282,0.9797941098081023,0.9685
0.06642701880398118,0.10415891251652201,0.9808102345415778,0.9693
0.0673297609916802,0.10181254535292325,0.9799273720682303,0.9697
0.06577813803840755,0.10203322117113743,0.9807269456289979,0.9696
0.06691903927126827,0.10081344378608785,0.98042710554371,0.9707
0.0650628138303603,0.1006553965631533,0.9808602078891258,0.9692
0.06582582827829428,0.10314034196977362,0.9802771855010661,0.9705
0.06596488851048704,0.09978990122861434,0.980493736673774,0.9691
0.06511620216454071,0.1036790848486202,0.980443763326226,0.9681
0.06622571121655521,0.101109317852983,0.9802771855010661,0.9696
0.06670374451564907,0.10166556103809117,0.9800939498933902,0.9695
0.06499205630957965,0.09926410274575492,0.9811100746268657,0.9706
0.0656308955755662,0.09668532803112745,0.9806103411513859,0.9701
0.06372068179821522,0.10187439376153934,0.9815098614072495,0.9695
0.06531680325315264,0.10375437781175507,0.9807102878464818,0.9685
0.06555643911810569,0.10204808874293084,0.980577025586354,0.9685
0.06533812883766735,0.10458551302416588,0.980477078891258,0.9698
0.06608434515524025,0.10144260751232892,0.9806269989339019,0.9697
0.06513207742673296,0.10360844419691212,0.9807269456289979,0.9706
0.0641107615243294,0.10679794779239805,0.9813432835820896,0.9683
0.06395881705470875,0.10142912107066791,0.9811433901918977,0.9699
0.06358925118282699,0.10704683307838206,0.9810267857142857,0.968
0.06513325712049663,0.09769244767244839,0.9805603678038379,0.9697
0.06348287917535758,0.10479842440623793,0.9808768656716418,0.9673
0.06513675615934353,0.09894993704377343,0.980293843283582,0.9705
0.06347260266186536,0.101726990698427,0.9815431769722814,0.968
0.06355410198733959,0.0977880130610767,0.9811433901918977,0.9702
0.0638978283208943,0.09731440100347281,0.9813932569296375,0.9713
0.06230327379886815,0.09966886986254647,0.9813432835820896,0.9693
0.06340402259380003,0.10203951099679597,0.9813432835820896,0.9694
0.06459236620554924,0.09902041693564823,0.9806269989339019,0.9705
0.06397554586753396,0.10030851591650136,0.9808435501066098,0.9696
0.06396182102940602,0.09637528863073132,0.9809601545842217,0.9706
0.062245031115448095,0.09922371742719643,0.9816098081023454,0.9694
0.06318601452632613,0.10032217545601392,0.9814432302771855,0.9699
0.06281673052732317,0.10056188996676584,0.9812766524520256,0.969
0.06072056533110225,0.09526351377147395,0.9822927771855011,0.9708
0.06257505440806052,0.10216621946442302,0.9812933102345416,0.9679
0.06191242707028844,0.09896238312434305,0.9813266257995735,0.9705
0.06258052400427179,0.09955689541017132,0.9811433901918977,0.971
0.062047733211853445,0.10492212371993095,0.9818097014925373,0.9683
0.061945136164923295,0.09829306147908903,0.9818430170575693,0.97
0.06146148275439312,0.10154448587101722,0.9821761727078892,0.9687
0.06249317206192239,0.10284077862568142,0.9815598347547975,0.9694
0.06065300408178644,0.09819479272572489,0.9814432302771855,0.9704
0.060138699033332035,0.0988148764939905,0.9818929904051172,0.9705
0.06100541267364953,0.10071058127777692,0.9822594616204691,0.9701
0.061249581689631176,0.10461891996862767,0.9815431769722814,0.9683
0.06152975821952831,0.09762524567753711,0.9816431236673774,0.9699
0.06174127849423013,0.09690089142969034,0.9813266257995735,0.9716
0.06025590994195008,0.09949667929756655,0.9822261460554371,0.9696
0.059610010593308886,0.0998609772983182,0.9827758528784648,0.9707
0.06016716327529336,0.09648090725655659,0.9817763859275054,0.9696
0.058878878626482806,0.09922797441380724,0.982426039445629,0.9709
0.05985344110786256,0.09892940190363753,0.9820595682302772,0.969
0.06032353927220218,0.10262454220496416,0.9821095415778252,0.9689
0.05914459457945261,0.09842341673845624,0.982592617270789,0.9709
0.05911095734783244,0.09959135368382546,0.982459355010661,0.9687
0.06057561695286002,0.10060773165268805,0.9818596748400853,0.9693
0.05896745269942299,0.09782993411716616,0.9822927771855011,0.97
0.05764848644538389,0.097094581045228,0.9829590884861408,0.9701
0.05817975698967822,0.09751618035565322,0.982592617270789,0.9703
0.0591958374133072,0.09748523955589738,0.982309434968017,0.9708
0.05877871199159539,0.09933616631047307,0.9822261460554371,0.9701
0.058825585614536526,0.10180256332169335,0.9822761194029851,0.9707
0.06001286898869775,0.09924892656663342,0.9825093283582089,0.9705
0.058937116471426194,0.10057244590595815,0.9819429637526652,0.969
0.059347946894189305,0.09989377021434451,0.982309434968017,0.97
0.057992501805998936,0.09769300080541381,0.9826925639658849,0.9717
0.05814827958712957,0.09585821236998213,0.9833255597014925,0.9702
0.057779033679425114,0.09641974029681447,0.9831256663113006,0.9684
0.05758278646051709,0.09953185402919672,0.9826425906183369,0.969
0.05769971350489719,0.10033770726440669,0.9827591950959488,0.9694
0.05786103991151714,0.09774730322261053,0.9829257729211087,0.9705
0.056147997246504947,0.10068538669168303,0.9832089552238806,0.9714
0.057865723350990675,0.09568660543226343,0.9822927771855011,0.9715
0.05699284967529608,0.09577918895653208,0.9827758528784648,0.9706
0.05738983415403537,0.09753156599995214,0.9828258262260128,0.9711
0.05515511714671559,0.10106860040801163,0.9840251865671642,0.9676
0.056106701515693705,0.0996555451573947,0.9830756929637526,0.9705
0.05567387445670052,0.09159071191099712,0.9838919243070362,0.972
0.05668515274751103,0.09481785061353375,0.9834588219616205,0.9709
0.056278492722763106,0.09398390732899797,0.9832755863539445,0.9695
0.05619739590648173,0.09931653694833578,0.9832256130063965,0.9696
0.0561277755237967,0.09493945423173067,0.9833089019189766,0.9704
0.05591265262708328,0.09967127058739982,0.9834588219616205,0.9696
0.056180598495178424,0.09254986587068573,0.9832755863539445,0.9722
0.05513459534406597,0.09646550829095406,0.9835087953091685,0.9713
0.055601816960253694,0.1005506851924819,0.9832422707889126,0.9709
0.05473123670293073,0.09934988854267639,0.9837086886993603,0.9707
0.055646357298374034,0.09821174462289065,0.9835587686567164,0.969
0.05560152160568361,0.09554696635517752,0.9837753198294243,0.9701
0.05536427673989153,0.0978408199782702,0.9833255597014925,0.9705
0.05507072125331265,0.09335310599932435,0.9837086886993603,0.973
0.05444890766508387,0.0963286513645235,0.9837253464818764,0.9694
0.054336173963384464,0.10324550635664836,0.984308368869936,0.9678
0.054923518876361765,0.09505961242520083,0.9836753731343284,0.9717
0.05514241408173342,0.09611855210309321,0.9832589285714286,0.9686
0.05412917172672362,0.0994178248722096,0.9834421641791045,0.9721
0.0541070290565054,0.0969148914637238,0.9834088486140725,0.9698
0.05349730464665591,0.0961608578054887,0.984258395522388,0.9702
0.05548964846586782,0.09602898822145493,0.9836087420042644,0.9703
0.05383799605535072,0.10181420978957498,0.9840251865671642,0.9704
0.05309588742059434,0.09384264188261078,0.9835587686567164,0.9708
0.053971921684615995,0.09167952375232417,0.9832256130063965,0.9719
0.05421262322810762,0.09574309485216907,0.9838752665245203,0.9735
0.054459029583319905,0.09498514914632485,0.9837253464818764,0.9718
0.05231658205471087,0.0964754587554433,0.9844749466950959,0.9709
0.05227339811061729,0.09634225933743899,0.9845748933901919,0.9702
0.05350729649326981,0.094786949880274,0.984308368869936,0.9707
0.05426489412599112,0.09980352802282547,0.9835421108742004,0.9703
0.051547395925201626,0.09232859607540371,0.9850746268656716,0.9725
0.05390257500202489,0.0962553364117211,0.9837586620469083,0.9713
0.05335434698397966,0.09529820687055487,0.9846248667377399,0.9715
0.05372813867637983,0.09771113910645313,0.9836420575692963,0.9709
0.0515732141227641,0.09743385242826243,0.9850579690831557,0.9702
0.052898931388601765,0.09307991240096272,0.9845082622601279,0.9705
0.05205482341759732,0.09881333445155947,0.9847248134328358,0.9713
0.051946646558277396,0.09851984112401965,0.9848913912579957,0.9714
0.05265528869903265,0.09333638017358259,0.9847914445628998,0.97
0.051609049385404705,0.0996278302790015,0.9845249200426439,0.9715
0.05212024327835331,0.0969103125506487,0.984258395522388,0.9689
0.05185410072058789,0.09777392596869237,0.9847081556503199,0.9701
0.05161913433349119,0.09526194221945894,0.9848414179104478,0.9719
0.05251259371178288,0.09865879994236214,0.9841084754797441,0.9705
0.05267686759111641,0.09962863540552962,0.984308368869936,0.9717
0.05132776445512789,0.09658819876499047,0.9844749466950959,0.9704
0.05173186397258263,0.09364931198377652,0.9848747334754797,0.9714
0.051550012523322364,0.09611578012966787,0.9847248134328358,0.9709
0.05003417747698889,0.09396431157064092,0.9847248134328358,0.9707
0.05150035673138194,0.09765340499594112,0.9845582356076759,0.9708
0.051383247175861534,0.09592376206052565,0.9850246535181236,0.9709
0.04995690665837197,0.09795688086661673,0.9846914978678039,0.9699
0.050207416378881084,0.09292233380340674,0.9849080490405118,0.9722
0.05070224227380764,0.09802938641346415,0.9849247068230277,0.9704
0.052235628434964425,0.09108369342199486,0.9838752665245203,0.9712
0.050292008302513694,0.09532392326205001,0.9851912313432836,0.9709
0.05018239621716925,0.09899946646020734,0.9847081556503199,0.9699
0.0497284132543372,0.09649399225356423,0.9850746268656716,0.9706
0.05150723237754738,0.0971187793405319,0.9849247068230277,0.97
0.0503666145268465,0.09651930928546737,0.9847081556503199,0.9706
0.049237866956606965,0.09727503047809288,0.9852245469083155,0.9707
0.05016927893259834,0.09589559168693935,0.9849913379530917,0.9709
0.04952334945682697,0.09451460875144166,0.9852745202558635,0.9712
0.04973241432500109,0.09125399921310096,0.9851912313432836,0.9728
0.049487421238705004,0.09517331021682973,0.9854744136460555,0.9702
0.04989280469860645,0.09384058882445755,0.9854244402985075,0.972
0.04951933394778878,0.09468167315435208,0.9851745735607675,0.9719
0.0486815569038539,0.09926876858729126,0.9854077825159915,0.97
0.04823656237128263,0.09340185722539476,0.9856743070362474,0.9721
0.049052932289065945,0.08986822758660482,0.9852078891257996,0.9721
0.05024361356575708,0.09207270216778851,0.9853411513859275,0.9716
0.050317062621233304,0.09213605804868732,0.9850079957356077,0.9721
0.0494473227946442,0.09082413376715359,0.9852911780383795,0.9725
0.048960275309919817,0.09284635401040835,0.9853578091684435,0.9735
0.04856767322337913,0.09560275070592482,0.9856576492537313,0.971
0.04872453356101965,0.09406356365543898,0.9856076759061834,0.9726
0.04872688053948038,0.09349631507169066,0.9856909648187633,0.972
0.04813983057127318,0.09565390267863033,0.9856076759061834,0.9734
0.049013942042106205,0.09531647874469437,0.9853411513859275,0.97
0.04833180211873812,0.09421787404226588,0.9850912846481876,0.971
0.046945703691807755,0.09258309900565062,0.986340618336887,0.9719
0.04901360876157704,0.09545732405151555,0.9855077292110874,0.9723
0.047042561955015515,0.09390519354656522,0.9856076759061834,0.9699
0.04733477819331613,0.09086035645496797,0.9859574893390192,0.9731
0.04718464788862023,0.08667758275036713,0.9858242270788913,0.9743
0.04708943244777613,0.09077260626007044,0.9859075159914712,0.9742
0.048089048208230095,0.0964838165902372,0.9852245469083155,0.9713
0.04610709875916456,0.0979715682036496,0.986157382729211,0.9717
0.046778196035145755,0.09548024351689195,0.9858408848614072,0.9715
0.047454483863216115,0.09167598462537296,0.9855243869936035,0.9735
0.047409169675505416,0.0939920647137731,0.9857242803837953,0.9725
0.046910153854852636,0.09464274753595041,0.9859075159914712,0.9724
0.04746877069275538,0.09468169885057047,0.9860241204690832,0.9706
0.04617165711624095,0.09345246040421018,0.9861906982942431,0.9707
0.045718526791195056,0.09615413818204786,0.986507196162047,0.9716
0.04726892125771579,0.09350571893299565,0.9858242270788913,0.9731
0.04704803994883226,0.09599434284578784,0.9859075159914712,0.9712
0.04725733254809895,0.09127034538873835,0.9852745202558635,0.9718
0.04727736968177456,0.09296995948583707,0.9857242803837953,0.9727
0.04574873356151321,0.09308377781841137,0.9868070362473348,0.9723
0.0473319025101557,0.09259948134997183,0.9859241737739872,0.9721
0.0456839345664251,0.0944130888145223,0.986290644989339,0.9715
0.04641601645881288,0.09424334994732861,0.986340618336887,0.9718
0.046008572308020024,0.09803891529706318,0.9858742004264393,0.9696
0.045683658856086724,0.0929303603971565,0.986307302771855,0.9741
0.04519393121760413,0.09486096008477547,0.9867237473347548,0.9722
0.045727591700658016,0.09152618636922803,0.9864239072494669,0.972
0.04524968911408155,0.09508201112861706,0.9867070895522388,0.9728
0.04525519003933249,0.09199133246528005,0.9861906982942431,0.9736
0.0455054039433663,0.09256633938815895,0.9857409381663113,0.9748
0.04628728510402723,0.09099057071376912,0.986373933901919,0.9726
0.045852405652170795,0.09431610332268732,0.986440565031983,0.971
0.04550583229388262,0.09793710371841803,0.9864572228144989,0.9711
0.04491078496806973,0.0955035610723941,0.9865738272921108,0.9726
0.045004889662539085,0.0978731536478524,0.9859574893390192,0.9716
0.046398768335110606,0.09368625502601473,0.9860241204690832,0.9722
0.04392258779013448,0.09534971703199646,0.9867237473347548,0.9711
0.044100618470535737,0.09306128873297241,0.9866404584221748,0.9713
0.04482292714768065,0.09426762019848535,0.9869902718550106,0.97
0.04496410340863331,0.08833213906274336,0.9861407249466951,0.9738
0.04512706804258525,0.09476330176313798,0.986307302771855,0.9713
0.0443296766173089,0.09450778046227218,0.9865405117270789,0.9729
0.042954088543291864,0.08889619479858128,0.9869736140724946,0.9734
0.044237857250582095,0.09436712875666864,0.9865904850746269,0.9722
0.04463633133864252,0.09530830402302222,0.9866238006396588,0.9734
0.044901801319109105,0.09520520751845185,0.9864072494669509,0.9716
0.043019181389786186,0.09390103020083947,0.9870902185501066,0.9726
0.044923106251057617,0.09403782408760804,0.986207356076759,0.9697
0.04392834267385247,0.0907992591360841,0.9870735607675906,0.9731
0.04425268517962155,0.09150005138307543,0.986157382729211,0.9731
0.04448741356299621,0.09090561381503698,0.9865405117270789,0.9718
0.04437605923862902,0.09549890794362728,0.986157382729211,0.971
0.04298464434920779,0.09097911098834402,0.9872401385927505,0.974
0.043665432013951795,0.09553698618118672,0.9868403518123667,0.9712
0.042961843743541464,0.0960787788002249,0.9870402452025586,0.973
0.04295178034129287,0.09195651547382933,0.9870735607675906,0.9729
0.043171828787436396,0.0948015773104444,0.9872401385927505,0.9714
0.04219394801622815,0.09612503126728102,0.9870069296375267,0.9704
0.042352091629640314,0.09594257875149856,0.9871068763326226,0.9702
0.042791255935035605,0.0957862680981748,0.9874400319829424,0.97
0.042070356640669854,0.09563186738310632,0.9874566897654584,0.972
0.04258404974251189,0.09212184880121314,0.9874233742004265,0.9734
0.04125103900473132,0.09344856510729083,0.9876066098081023,0.9723
0.04270240262549851,0.08727537793767734,0.9873067697228145,0.9748
0.043967229081753774,0.0948510427186274,0.9867237473347548,0.9717
0.042705276528264856,0.08869435048305047,0.9873234275053305,0.9737
0.04233670065878981,0.0939366208554273,0.9877898454157783,0.9714
0.04136806034132896,0.0929392167113631,0.9872901119402985,0.9724
0.042356000813588965,0.09105326110908206,0.9874067164179104,0.9726
0.042333226990783755,0.09973853572242128,0.9871401918976546,0.9691
0.041962752814552626,0.09477438342021298,0.9874067164179104,0.9711
0.0407438762479809,0.0923845368802384,0.9877898454157783,0.9716
0.04102367920272363,0.09015952406771506,0.988106343283582,0.9735
0.041461038321729114,0.09616914720731476,0.9873067697228145,0.9699
0.041610336694374604,0.09354976872535856,0.9876565831556503,0.9707
0.04270141603522408,0.08998529321946498,0.9875233208955224,0.9718
0.041396412551189636,0.09375746526353712,0.9876565831556503,0.9706
0.04139616025845384,0.09440641967555213,0.9876399253731343,0.9717
0.04176796669419875,0.08951883009951278,0.9874400319829424,0.9722
0.04125424295137893,0.09233398468057026,0.9872901119402985,0.9712
0.04059868178046534,0.09433159797566901,0.988206289978678,0.9704
0.04179636863878109,0.09457642576428475,0.9869069829424307,0.9714
0.041288741918653046,0.09265360310020887,0.9873567430703625,0.973
0.040298762661866216,0.09275515304422852,0.9876066098081023,0.9716
0.04113125352896258,0.09083787972106422,0.9873734008528785,0.9729
0.04084595425515901,0.09353074211558844,0.9879231076759062,0.9717
0.040486485224672845,0.09662582055552617,0.9878731343283582,0.9707
0.04132963137301885,0.09077070007333005,0.9877731876332623,0.9717
0.04031914730632527,0.08757950689474758,0.988222947761194,0.9742
0.04122439178329542,0.08988008557483514,0.9867404051172708,0.9737
0.04071654207652573,0.09147626195667538,0.9877731876332623,0.9727
0.04038085004703736,0.09148265148735557,0.9879231076759062,0.9727
0.038590999539334,0.09059548444936208,0.9885727611940298,0.9735
0.040763433843940704,0.093437647599189,0.9875399786780383,0.9718
0.038878376755083995,0.09051911101227789,0.9880563699360341,0.9735
0.0396517505599867,0.09557995300658415,0.9877065565031983,0.972
0.04041082281267534,0.08939212125855393,0.9875399786780383,0.9728
0.04006687063782614,0.09323450261612,0.9877898454157783,0.9716
0.040960177855582106,0.09145150837519478,0.9876898987206824,0.9729
0.04044224631809974,0.09379197460701671,0.9881230010660981,0.9714
0.04061588161490936,0.0893983888574833,0.9877398720682303,0.973
0.04032999554115512,0.08984495514365086,0.9880397121535182,0.9715
0.039940927828219286,0.09310488805176849,0.9880063965884861,0.9725
0.03929274701959716,0.09011545889324259,0.9879231076759062,0.9717
0.040615541417911405,0.09009679842764115,0.9874566897654584,0.9729
0.03942977022920191,0.09160787148244208,0.988206289978678,0.9724
0.040649805603300185,0.09027448546742713,0.9871568496801706,0.9736
0.0380058377438358,0.09263766777926215,0.9885561034115139,0.9731
0.039017363360747015,0.09411310537803848,0.9884228411513859,0.9724
0.0388949788123858,0.09071859964255706,0.9884228411513859,0.9727
0.038716973577009595,0.09000994113803565,0.9883728678038379,0.9739
0.03837759841852462,0.08701594409967171,0.9886727078891258,0.9741
0.039319367556035434,0.08965643283929198,0.988206289978678,0.9723
0.03936602574215027,0.08686614328342207,0.98815631663113,0.973
0.041221159338824,0.09543556869349214,0.9870902185501066,0.973
0.03918808803113763,0.08823296891901253,0.9884228411513859,0.9736
0.03947636320020914,0.0918925130419288,0.98832289445629,0.9717
0.03881758111243283,0.08885827486616484,0.98823960554371,0.973
0.03850321387952998,0.09341671144970484,0.9885227878464818,0.973
0.0374903752889416,0.09331143602594172,0.9887893123667377,0.9722
0.03843866883599664,0.08942866214594455,0.9887726545842217,0.9707
0.03877837135106243,0.09120435323673719,0.9879564232409381,0.972
0.03731322146480966,0.09137425084957132,0.9891724413646056,0.9704
0.03768114383948652,0.09013070388739539,0.988356210021322,0.972
0.03809276908344119,0.09660940780344046,0.9886560501066098,0.9727
0.03785193178468938,0.09193777983014052,0.9887393390191898,0.9736
0.03835088175246366,0.09116165390585576,0.98840618336887,0.9725
0.0388710743635705,0.09084334998771537,0.9877731876332623,0.9723
0.03769031987522976,0.08824201341674479,0.988389525586354,0.9744
0.0374408507140168,0.08848002960628383,0.9886560501066098,0.9722
0.03762253632960202,0.09289138882893021,0.9885061300639659,0.9745
0.03785373097519607,0.09211809971235582,0.988456156716418,0.9711
0.03635802144315457,0.09454170552684418,0.9893556769722814,0.9716
0.038143222763269084,0.09665629023995644,0.98832289445629,0.9715
0.0371372667944193,0.08899141329492909,0.9887060234541578,0.9743
0.037936706169594006,0.08964091075603439,0.9880730277185501,0.973
0.036503990779171686,0.08739319593620799,0.9887559968017058,0.9728
0.03670775822455226,0.09255339196413143,0.9890058635394456,0.9728
0.037453190288159806,0.09044610147173063,0.9886227345415778,0.973
0.03785023175984346,0.09208311290841403,0.9884228411513859,0.9727
0.037598212959523473,0.09013227818097888,0.988389525586354,0.9727
0.03759856055709574,0.09343838144115542,0.9885727611940298,0.9718
0.03678071708522291,0.09014341169818235,0.9886060767590619,0.9717
0.03808423646526803,0.08724801305133303,0.9881896321961621,0.9747
0.036282364095598735,0.08974797892356347,0.9886060767590619,0.9728
0.03561246894763356,0.09308126441530175,0.9893390191897654,0.9719
0.03656999802216036,0.09395379741929491,0.9888726012793176,0.9743
0.03798770692319987,0.09030628187029995,0.9885394456289979,0.9743
0.03632239147500816,0.08778018441106909,0.9888226279317697,0.9745
0.03698719413097294,0.08807295297206902,0.9887226812366737,0.973
0.036474626206712046,0.09078868314023904,0.9890558368869936,0.9722
0.03660221758560235,0.09151824925744072,0.9888559434968017,0.9727
0.0360782445982631,0.0874194586041374,0.9893556769722814,0.9743
0.035934775452470584,0.0885001964043989,0.9890558368869936,0.9736
0.03672524003353907,0.08832614071241898,0.9888392857142857,0.972
0.03608941574397637,0.09627067211258267,0.9892723880597015,0.9722
0.03522725639835542,0.09028804130865879,0.9897221481876333,0.9721
0.03641989099298053,0.08758234545416034,0.9884728144989339,0.9742
0.03508667583985201,0.09078109324715908,0.9892723880597015,0.9734
0.035668697057009854,0.09451433948191715,0.9889059168443497,0.9724
0.03650207006254418,0.08787260826058889,0.9888892590618337,0.9739
0.035581174922789185,0.08515910195370796,0.9893889925373134,0.9757
0.03667709110979039,0.09101435208337902,0.9889392324093816,0.9723
0.036021975386011776,0.09773345186761152,0.9890724946695096,0.9713
0.03524085016686618,0.08906764291643253,0.9896222014925373,0.9724
0.034934737006553286,0.08766206916408333,0.9898887260127932,0.9732
0.035922664245573374,0.08949785833156397,0.9887226812366737,0.9725
0.035582501156917516,0.08979412420862158,0.9892057569296375,0.9725
0.0361820374416126,0.08873268399355412,0.9891890991471215,0.974
0.03385625275929019,0.08882518564856128,0.9899053837953091,0.973
0.03488226236302843,0.090142865883133,0.9895222547974414,0.9731
0.035444836556123294,0.08828961844648696,0.9895389125799574,0.9737
0.034223480405164416,0.09052960427991598,0.9894056503198294,0.9725
0.03543698549085643,0.08954084574888602,0.9889892057569296,0.973
0.035395303777118796,0.09455336542339601,0.9895389125799574,0.9727
0.03582686642998781,0.09009364961053723,0.9888892590618337,0.973
0.03561657647392515,0.09362379504924717,0.9887559968017058,0.9725
0.035306686559059164,0.09352810886673533,0.9894223081023454,0.9719
0.033637367027458495,0.09467718323196522,0.9904384328358209,0.972
0.03507519663125785,0.09362197814163918,0.9896388592750534,0.9714
0.03480539408912726,0.08867227420338583,0.9895222547974414,0.973
0.03472223857500649,0.0876776112954894,0.9896222014925373,0.9737
0.03443716542336923,0.09368026897728668,0.9895555703624733,0.9729
0.03437296899085043,0.08873709017860468,0.9896222014925373,0.9739
0.034517927574465215,0.0880203538192225,0.9893723347547975,0.9738
0.032590608539681494,0.0891127685958124,0.990238539445629,0.9734
0.034317623126992436,0.09321171051938716,0.9897721215351812,0.9713
0.03317638344790748,0.09321334299459548,0.9900886194029851,0.974
0.03550537839420374,0.08730246142933479,0.9889059168443497,0.9748
0.03391017060752633,0.08811184698532284,0.990055303837953,0.974
0.03373157877728828,0.08732739981154827,0.9897388059701493,0.9738
0.03278252917482347,0.08591269313276864,0.9902052238805971,0.9732
0.034809862476977704,0.08672593866236822,0.9896222014925373,0.9737
0.03402512163375554,0.08896109110950016,0.9898387526652452,0.9729
0.033493668246962066,0.09186679385256004,0.9903718017057569,0.9743
0.0329472836187154,0.08094378454723572,0.9900719616204691,0.9751
0.03483176472528547,0.09219552933330942,0.9895722281449894,0.9725
0.03395984951162285,0.08841642688982825,0.9897054904051172,0.9752
0.03326809177852982,0.08961038895195067,0.9898387526652452,0.9734
0.03316429171752398,0.08814832123454688,0.9901552505330491,0.973
0.033059871903006514,0.0896226688898121,0.9897887793176973,0.9735
0.03376879594228561,0.09196900677614815,0.9899386993603412,0.9714
0.03225408560791305,0.09077538580995295,0.9905883528784648,0.9733
0.03298890591109353,0.08925063242177671,0.9898720682302772,0.9739
0.03260371347662405,0.09385223944430661,0.9902052238805971,0.9721
0.032556280147891324,0.08595937387512684,0.9903718017057569,0.9747
0.03299166081464587,0.0969614936840269,0.9897221481876333,0.9717
0.03230126400856115,0.09131393779234392,0.990288512793177,0.9716
0.03356471880226928,0.08943964517790746,0.9897054904051172,0.9734
0.032444229136429845,0.09462094341389168,0.990188566098081,0.973
0.032871788417055264,0.09205967580512445,0.990121934968017,0.972
0.033295182519787365,0.0896009493281927,0.9896222014925373,0.9743
0.034107517296548664,0.08859733166463503,0.9893723347547975,0.9732
0.033302492783225654,0.08907876796890138,0.9896388592750534,0.9732
0.03251924534169326,0.09318250548050618,0.990238539445629,0.9724
0.03195926321278481,0.08816048448615282,0.990288512793177,0.9758
0.03304900978874566,0.08790535928250445,0.9898554104477612,0.9743
0.03230496489702732,0.0900924736365218,0.9900219882729211,0.9731
0.032448393329524025,0.08866353129103421,0.990288512793177,0.974
0.032757184834677905,0.09373017931324781,0.9900719616204691,0.9739
0.03190973700433618,0.09228186901552736,0.990271855010661,0.9719
0.032441854038301826,0.08941231184197243,0.990188566098081,0.9743
0.032518450824655425,0.08888695652615376,0.990305170575693,0.9728
0.03227948427547885,0.08696641244950802,0.9898887260127932,0.9745
0.03089631159538658,0.09278680281971989,0.9906882995735607,0.9717
0.031168620893511412,0.08719004240441533,0.9905716950959488,0.9744
0.032692804321288786,0.09372401222588479,0.9899220415778252,0.9744
0.03263792110940039,0.08693990961172697,0.9905550373134329,0.9728
0.031383182708311246,0.09172024227029961,0.9905383795309168,0.9727
0.030910007205442357,0.08884522442515015,0.9909048507462687,0.9736
0.03217046612963604,0.09095050707840191,0.990288512793177,0.9725
0.03312036459424057,0.0879979362115971,0.9898887260127932,0.9732
0.0322025564248304,0.08424426155079058,0.9900386460554371,0.9752
0.03129637295229116,0.08975834726230786,0.9903718017057569,0.9734
0.03261065365300997,0.08825209764373107,0.9901052771855011,0.9719
0.03096009445427819,0.09405600952889821,0.9908215618336887,0.9721
0.03065980476040259,0.08536781554453543,0.9909881396588486,0.9761
0.03137141853773605,0.09036985787874836,0.9904550906183369,0.9715
0.03174503802851452,0.0843911870709708,0.9904384328358209,0.9738
0.031722248838362034,0.09446097990474421,0.9905050639658849,0.9715
0.03079250427317443,0.08507944935694217,0.9907382729211087,0.9748
0.03186324381636361,0.09325567893318173,0.9899720149253731,0.9727
0.03215412057131967,0.09028793714743673,0.9902052238805971,0.9742
0.032768022955803264,0.0897210424580697,0.9902052238805971,0.9724
0.03222990697041477,0.08760516119114993,0.9905383795309168,0.9748
0.030798602544347343,0.0954089217898218,0.9906050106609808,0.9723
0.03163658949765274,0.09519924581126707,0.9904217750533049,0.9715
0.03141742188258121,0.08532504738498997,0.9903884594882729,0.974
0.03184730728345198,0.0906912301606287,0.9904717484008528,0.9724
0.030746996529559797,0.084472991205425,0.9908215618336887,0.9745
0.03028099352337847,0.08794285512196051,0.9909548240938166,0.9734
0.031152154490216064,0.09251592170637991,0.9904384328358209,0.9736
0.030475040432465524,0.09617473455585253,0.9906216684434968,0.9728
0.029781252507023914,0.08835174021680604,0.9910547707889126,0.974
0.02987186719270973,0.08775853240949243,0.9910214552238806,0.9748
0.030535001412185056,0.08670721353845887,0.9907382729211087,0.9742
0.030261967200158203,0.09220609289787157,0.9910880863539445,0.9736
0.029795019381197503,0.09534253722122908,0.9909881396588486,0.9726
0.030156442660431496,0.09241897043880067,0.9911047441364605,0.972
0.030831491358410828,0.09081565075495819,0.9909381663113006,0.9731
0.030190762652147485,0.08858614068020572,0.9909548240938166,0.9728
0.030275192569695155,0.08972222505673619,0.9905716950959488,0.9741
0.03009734076983556,0.0851348956289662,0.9907549307036247,0.9739
0.030206647398836505,0.08663404872654162,0.9907216151385928,0.9745
0.03036862577476712,0.09043505208915964,0.9908049040511727,0.9731
0.03020388037983342,0.08841808739001851,0.9905883528784648,0.9749
0.030015048382184405,0.0878308613292532,0.9912046908315565,0.974
0.029872828811751913,0.09168071142865938,0.9911214019189766,0.9727
0.029636732665053882,0.08440237451209659,0.9912879797441365,0.9742
0.030087024139859014,0.08968516988264842,0.9909381663113006,0.9735
0.029956882685767416,0.08592681938536986,0.9907549307036247,0.9737
0.02984670375346987,0.09452749780209424,0.9914878731343284,0.9718
0.02997136167302764,0.08902301144147252,0.9905217217484008,0.9735
0.028835243090338313,0.08701246824516036,0.9910214552238806,0.9739
0.030466123723688645,0.09261355118047239,0.9904884061833689,0.9736
0.029726156394863576,0.08812744678791329,0.9911713752665245,0.9747
0.02977399210604824,0.0946508448531215,0.9909048507462687,0.9712
0.02966123328088954,0.0897138618090546,0.9913879264392325,0.9737
0.03034540433133035,0.09162923687969485,0.9908215618336887,0.9719
0.030486438937533635,0.08789287035853778,0.9908548773987207,0.9734
0.028551477368548055,0.0897575880449772,0.9912879797441365,0.975
0.02791779175143136,0.08704748712606773,0.9916211353944563,0.9743
0.02938052680561561,0.08995672009134832,0.9912380063965884,0.976
0.029420728684112062,0.0910516771345751,0.9908548773987207,0.9732
0.029760066645307778,0.0890674916329961,0.9910714285714286,0.9733
0.029593559323699316,0.08933050700001259,0.9909548240938166,0.9744
0.027168691483478773,0.09177456870531933,0.992137526652452,0.9729
0.029047387737047542,0.08885697309665626,0.9912546641791045,0.9743
0.028859842508883755,0.0902791934976147,0.9916377931769723,0.974
0.030837606939403087,0.08644498067216186,0.9911214019189766,0.9745
0.028342787568098538,0.08344887940169793,0.9913046375266524,0.9763
0.027979096856831382,0.08481233519957541,0.9917877132196162,0.9749
0.029713841139374152,0.08204484573250719,0.9905383795309168,0.976
0.029517201071242446,0.08906274729596415,0.9910214552238806,0.9753
0.02804666661637961,0.08691139703147807,0.9915045309168443,0.9729
0.029013339180654532,0.09064015985020607,0.9911880330490405,0.9734
0.029497749356905297,0.09489683988455565,0.9908881929637526,0.973
0.028899226628370675,0.08805564720586444,0.9911380597014925,0.9743
0.0292984118544867,0.08486811571224578,0.9906383262260128,0.9744
0.02793670511993488,0.0875546402807346,0.9917210820895522,0.9744
0.029015698245594877,0.09031832602207888,0.9911713752665245,0.9738
0.02914253013154554,0.08990889765750874,0.9910047974413646,0.9733
0.029479453341639303,0.08567305933378845,0.9907382729211087,0.9748
0.028788957976479186,0.08989877184848757,0.9915545042643923,0.9721
0.027884140720238808,0.09321439775764458,0.9917210820895522,0.9724
0.029013875413711497,0.08831909938550211,0.9911214019189766,0.9737
0.029236196930628445,0.08983430004353765,0.9912213486140725,0.9729
0.027924789565387853,0.08969640249927271,0.9920875533049041,0.9732
0.028684196944603845,0.09335872860942603,0.9909714818763327,0.9737
0.02874136524728631,0.09220283243992736,0.9914545575692963,0.9724
0.02807456261562962,0.08953696709188783,0.9914378997867804,0.9728
0.027870450703093803,0.09547776588736803,0.9917710554371002,0.9749
0.028250520412573987,0.09133450396528464,0.9917210820895522,0.9734
0.028799040602243146,0.08241055868894798,0.9912213486140725,0.9747
0.028232118331590384,0.0910296736541662,0.9916377931769723,0.9726
0.02886771271879233,0.09088292820570115,0.9910047974413646,0.9729
0.02756551939504022,0.09276542319132966,0.992070895522388,0.9733
0.02742870349661092,0.09353961308107835,0.9916211353944563,0.973
0.02785386115196163,0.08697949888701219,0.9921042110874201,0.9738
0.027833806075237486,0.08739351314244606,0.9915211886993603,0.9749
0.02769494143513149,0.0910557785192668,0.9917044243070362,0.974
0.027981501377851332,0.09346215323612321,0.9913379530916845,0.973
0.027085824678951553,0.09104292699210756,0.9919709488272921,0.9727
0.02698234468514829,0.0875586961368112,0.9920375799573561,0.9751
0.026880440676791118,0.08823402787420186,0.992254131130064,0.9732
0.027003895244332003,0.09063248027400868,0.992120868869936,0.9744
0.02756746747003914,0.0910458269245045,0.9917377398720683,0.974
0.026552369467565087,0.09044332844309388,0.9920209221748401,0.974
0.027740222674938912,0.08526264285232853,0.9918043710021321,0.9758
0.026765847962551107,0.09223591300518912,0.9916877665245203,0.9745
0.02756532323917137,0.09070480064781948,0.9916377931769723,0.9741
0.026526109494127415,0.0873501328165176,0.9917377398720683,0.9745
0.026912011027984607,0.08598506943267918,0.9920209221748401,0.9738
0.027499666679496316,0.09194999812659584,0.9918376865671642,0.9728
0.027480466638676634,0.0911754172441096,0.9918543443496801,0.9741
0.026931393297374026,0.08750842527606675,0.9918043710021321,0.9746
0.026372400968189474,0.09140441426783777,0.9920875533049041,0.9735
0.026804447893297768,0.08817040519792699,0.992120868869936,0.9742
0.027128599965554383,0.09120855606370405,0.9916377931769723,0.9722
0.026762999765347576,0.09014371593013486,0.9920209221748401,0.9731
0.026266143787993624,0.09393966152835811,0.9918210287846482,0.9725
0.027437883644620537,0.09241899624447036,0.9923207622601279,0.9732
0.026050021936923132,0.08335190730915674,0.992120868869936,0.9747
0.02705768386407113,0.08663557392728923,0.9919876066098081,0.9744
0.026776281077038763,0.0929918814300134,0.9922208155650319,0.9721
0.02816398523103593,0.08575588563704006,0.9915878198294243,0.9737
0.026461476054310838,0.09059432087662851,0.9917877132196162,0.9736
0.02750118726600236,0.0909631306668161,0.9918210287846482,0.9738
0.026628229415200957,0.08906104192855896,0.9920375799573561,0.976
0.02568305091629101,0.08763654603770557,0.992237473347548,0.975
0.027590800697634726,0.08577712457192642,0.9913046375266524,0.9754
0.027783561303902533,0.09140095321265969,0.9917543976545842,0.9729
0.026942102179300938,0.08540547885675542,0.9917044243070362,0.9748
0.02663777157795683,0.08292235685813802,0.992120868869936,0.976
0.02636067057430432,0.08685317294719372,0.9917044243070362,0.9742
0.026269655122150837,0.09159781473300015,0.9920375799573561,0.9717
0.02638158095122508,0.09196425136093042,0.9923374200426439,0.9712
0.026086088676042507,0.08368940135415573,0.9921541844349681,0.9747
0.02600938287183227,0.09063723593244465,0.9920875533049041,0.9751
0.02670419873367838,0.09409048243418859,0.9917210820895522,0.9742
0.026782923209812785,0.08716144025413085,0.9915045309168443,0.9747
0.025781745139776362,0.09326332024784488,0.992137526652452,0.9745
0.025177702872301536,0.08547440620242716,0.9925206556503199,0.9749
0.02607037688962496,0.08738098540496629,0.9922208155650319,0.9738
0.02475300194317086,0.08849911191728775,0.9928704690831557,0.9734
0.026403292867610683,0.09183135801366957,0.9916711087420043,0.9725
0.025596588468194206,0.0883380471570418,0.992254131130064,0.9727
0.02644425535448764,0.0872714433101072,0.9919709488272921,0.9752
0.025709472783435383,0.09170238573464787,0.9923374200426439,0.9734
0.025964371328544546,0.08840329839646084,0.9919209754797441,0.9749
0.02509677717396791,0.09237744480559922,0.9923374200426439,0.9735
0.025598109437926803,0.08835116458324911,0.9926039445628998,0.9744
0.02536171937894508,0.09072907682585049,0.992237473347548,0.9736
0.02496035387597409,0.08727320751205467,0.9921541844349681,0.9745
0.025297993340040202,0.08595194072651612,0.9925539712153518,0.975
0.02562214620307247,0.0862008435653817,0.9923540778251599,0.975
0.023956568415084038,0.08637258091686431,0.9930537046908315,0.9747
0.026443354458462773,0.08996567486598554,0.9918710021321961,0.975
0.02587650625378938,0.088877727254928,0.9924207089552238,0.9743
0.026541871012781538,0.08420411026686239,0.9918876599147122,0.9755
0.02460905648746024,0.08508376764946261,0.9923873933901919,0.9744
0.025749932333777287,0.0865057854784937,0.9923540778251599,0.9755
0.02529025363256241,0.08545873848634242,0.9927205490405118,0.976
0.02520591296692102,0.09242526902811633,0.992237473347548,0.9741
0.02608493368345888,0.08709175416686595,0.992120868869936,0.9731
0.025799604270417147,0.09034810823734526,0.9924040511727079,0.9748
0.02516702361688628,0.0913667058039556,0.9924540245202559,0.9744
0.02508253151179034,0.09059881120884274,0.9925539712153518,0.9742
0.025385672258476138,0.09203415106226395,0.9923707356076759,0.9744
0.02558730001859597,0.09120914152574872,0.9923207622601279,0.9735
0.023961054555795013,0.0898445120702899,0.9927538646055437,0.9734
0.02425091958085577,0.09157107804858819,0.9931703091684435,0.975
0.02435725714594348,0.08644270795006817,0.9925206556503199,0.9737
0.025782165638993215,0.08571946478700392,0.992120868869936,0.9749
0.025955465096537664,0.0924319980853501,0.9923873933901919,0.9738
0.024763970029435842,0.09282181978754696,0.9926372601279317,0.9728
0.025099526739753457,0.08927714654894069,0.9925039978678039,0.9742
0.024682775664406752,0.09000882686661045,0.9923540778251599,0.9743
0.02512673662148839,0.09127681526671969,0.9918376865671642,0.9741
0.02584148317853884,0.08734428183864629,0.9921042110874201,0.9754
0.022772158297853888,0.09017542295994063,0.9936034115138592,0.9743
0.02458780501272242,0.0869627520771262,0.992254131130064,0.9748
0.02534807965336224,0.0866910079699707,0.9925373134328358,0.9752
0.02464553615598094,0.0870494251408088,0.9923873933901919,0.9739
0.025097784461060743,0.09273394009217752,0.9923540778251599,0.9733
0.02562984137875528,0.0884764335817382,0.9918710021321961,0.9754
0.024336934689768445,0.08782408417072834,0.9929371002132196,0.9734
0.024581347727833977,0.08813730867971595,0.9924540245202559,0.9736
0.023778258269080397,0.08567463276017326,0.9930037313432836,0.974
0.02434108990294407,0.09347488547281503,0.9925539712153518,0.9723
0.024796599219727312,0.08895016794033352,0.9926872334754797,0.9748
0.02406260331443644,0.09194282037444744,0.9930370469083155,0.9733
0.02415099318209315,0.08751917399746748,0.9928538113006397,0.9747
0.02389433937602488,0.09013486737838253,0.9926039445628998,0.9729
0.02431221536961941,0.08789638754470169,0.9927538646055437,0.9729
0.023597626683681,0.08482212768447547,0.9931036780383795,0.9756
0.02415172276139525,0.09450820877218906,0.9930370469083155,0.9741
0.022874540409024424,0.08402360102554826,0.9929371002132196,0.9756
0.02326275768721778,0.09923510178506659,0.9929537579957356,0.9717
0.0236492554122164,0.08702454123144412,0.9932036247334755,0.9749
0.024042987906903106,0.09128207839295618,0.9929204424307037,0.9734
0.02465827737045346,0.09078510987655955,0.9923374200426439,0.9734
0.02369448629974993,0.08974164842677954,0.9930037313432836,0.9745
0.022325494457669272,0.09099685141899011,0.9933702025586354,0.9738
0.02381203265380342,0.0898701386036917,0.9927538646055437,0.9741
0.022795961241470195,0.08976535891873377,0.9930203891257996,0.9746
0.023246052566487027,0.08549498337637335,0.9930370469083155,0.9764
0.024000680044968165,0.09122099433171778,0.9928371535181236,0.9735
0.022752449134477798,0.08646562742228689,0.9932535980810234,0.974
0.024634495988494206,0.08936204585616458,0.9924040511727079,0.9761
0.023706302941685485,0.0917349029105299,0.9927372068230277,0.9734
0.023229358147357593,0.09094334160044262,0.9930203891257996,0.9731
0.024697018295031348,0.08815309279265914,0.992137526652452,0.9751
0.02395034625346978,0.08850858009230012,0.9926372601279317,0.9735
0.023123735630054355,0.08334563882413477,0.9932369402985075,0.9753
0.02447353217957196,0.09078547952716756,0.9920542377398721,0.974
0.02420186259710546,0.091696106148882,0.9926372601279317,0.9746
0.024453708316217484,0.09228081777103364,0.9924706823027718,0.9729
0.023415566418819086,0.08808871027987232,0.9928538113006397,0.9746
0.02255958588359601,0.09476788920533995,0.9930870202558635,0.9738
0.022349671508218965,0.08679264166438239,0.9930703624733476,0.9761
0.02326737018035073,0.09166120109825728,0.9928871268656716,0.9731
0.023526863427978894,0.0901079907215365,0.9930870202558635,0.9747
0.022708273138117768,0.09148559987966041,0.9930370469083155,0.9733
0.02355637366874545,0.08876899387025086,0.9925373134328358,0.9738
0.023069373385881803,0.08784236531257401,0.9931703091684435,0.9744
0.024139614090575513,0.08398612714817406,0.9928204957356077,0.975
0.023572385641788214,0.09080366799595513,0.9930703624733476,0.974
0.023040327649466275,0.08521409752779306,0.9929870735607675,0.9756
0.023245655764337868,0.0892624478855525,0.9931369936034116,0.9752
